pull_request,creator,creator_type,reviewer,reviewer_type,is_equal
3989,pchaigno,Externals,vmg,Internals,No
3984,lildude,Internals,lildude,Internals,Yes
3977,pchaigno,Externals,pchaigno,Externals,Yes
3973,oktapodia,Externals,lildude,Internals,No
3972,lildude,Internals,lildude,Internals,Yes
3966,pchaigno,Externals,pchaigno,Externals,Yes
3960,bbarker,Externals,lildude,Internals,No
3955,lildude,Internals,lildude,Internals,Yes
3948,kivikakk,Internals,kivikakk,Internals,Yes
3946,kivikakk,Internals,kivikakk,Internals,Yes
3945,kivikakk,Internals,vmg,Internals,No
3943,egorzhdan,Externals,pchaigno,Externals,No
3935,vmg,Internals,vmg,Internals,Yes
3933,oldmud0,Externals,lildude,Internals,No
3932,pchaigno,Externals,pchaigno,Externals,Yes
3931,pchaigno,Externals,pchaigno,Externals,Yes
3930,lildude,Internals,lildude,Internals,Yes
3925,kivikakk,Internals,kivikakk,Internals,Yes
3922,kivikakk,Internals,kivikakk,Internals,Yes
3921,NachoSoto,Externals,lildude,Internals,No
3920,NachoSoto,Externals,lildude,Internals,No
3919,lildude,Internals,lildude,Internals,Yes
3916,ai,Externals,kivikakk,Internals,No
3915,vmg,Internals,vmg,Internals,Yes
3907,jin,Externals,lildude,Internals,No
3905,kivikakk,Internals,kivikakk,Internals,Yes
3903,kivikakk,Internals,kivikakk,Internals,Yes
3902,mr-c,Externals,kivikakk,Internals,No
3900,kivikakk,Internals,kivikakk,Internals,Yes
3895,prertik,Externals,lildude,Internals,No
3885,josh-padnick,Externals,lildude,Internals,No
3883,pchaigno,Externals,pchaigno,Externals,Yes
3882,kivikakk,Internals,kivikakk,Internals,Yes
3880,Alhadis,Externals,Alhadis,Externals,Yes
3879,sylveon,Externals,lildude,Internals,No
3877,wesdawg,Externals,kivikakk,Internals,No
3874,yuya-takeyama,Externals,lildude,Internals,No
3871,ararslan,Externals,Alhadis,Externals,No
3870,pditommaso,Externals,pchaigno,Externals,No
3866,rkoeninger,Externals,lildude,Internals,No
3865,freak4pc,Externals,lildude,Internals,No
3864,kivikakk,Internals,kivikakk,Internals,Yes
3863,kivikakk,Internals,kivikakk,Internals,Yes
3862,pchaigno,Externals,pchaigno,Externals,Yes
3861,pchaigno,Externals,pchaigno,Externals,Yes
3860,tessarin,Externals,lildude,Internals,No
3859,lildude,Internals,lildude,Internals,Yes
3858,cjllanwarne,Externals,lildude,Internals,No
3857,dcmoore-gd,Externals,gjtorikian,Internals,No
3856,lildude,Internals,lildude,Internals,Yes
3853,lildude,Internals,lildude,Internals,Yes
3846,kivikakk,Internals,kivikakk,Internals,Yes
3844,codecat,Externals,lildude,Internals,No
3822,nwhetsell,Externals,lildude,Internals,No
3818,Shan1024,Externals,lildude,Internals,No
3817,Alhadis,Externals,lildude,Internals,No
3813,gdi2290,Externals,lildude,Internals,No
3811,DoctorWhoof,Externals,lildude,Internals,No
3809,DoctorWhoof,Externals,lildude,Internals,No
3806,seppestas,Externals,lildude,Internals,No
3804,menduz,Externals,lildude,Internals,No
3799,seppestas,Externals,lildude,Internals,No
3793,Alhadis,Externals,Alhadis,Externals,Yes
3791,mathewmariani,Externals,lildude,Internals,No
3790,lildude,Internals,lildude,Internals,Yes
3789,krk,Externals,lildude,Internals,No
3785,AnthonyDGreen,Externals,lildude,Internals,No
3783,bmeck,Externals,lildude,Internals,No
3782,adaedra,Externals,lildude,Internals,No
3781,kach,Externals,lildude,Internals,No
3780,rkoeninger,Externals,lildude,Internals,No
3778,lildude,Internals,lildude,Internals,Yes
3771,MarcianoPreciado,Externals,lildude,Internals,No
3767,AbigailBuccaneer,Externals,lildude,Internals,No
3765,lildude,Internals,lildude,Internals,Yes
3752,jdennes,Internals,jdennes,Internals,Yes
3751,Alhadis,Externals,Alhadis,Externals,Yes
3744,Alhadis,Externals,Alhadis,Externals,Yes
3743,Alhadis,Externals,Alhadis,Externals,Yes
3741,iWader,Externals,lildude,Internals,No
3735,kivikakk,Internals,kivikakk,Internals,Yes
3734,Alhadis,Externals,Alhadis,Externals,Yes
3732,pchaigno,Externals,pchaigno,Externals,Yes
3731,Alhadis,Externals,Alhadis,Externals,Yes
3730,pchaigno,Externals,lildude,Internals,No
3728,Alhadis,Externals,lildude,Internals,No
3725,lildude,Internals,lildude,Internals,Yes
3723,yohny,Externals,lildude,Internals,No
3714,Alhadis,Externals,Alhadis,Externals,Yes
3710,smola,Externals,lildude,Internals,No
3709,smola,Externals,lildude,Internals,No
3708,smola,Externals,lildude,Internals,No
3707,smola,Externals,lildude,Internals,No
3706,smola,Externals,lildude,Internals,No
3704,Alhadis,Externals,Alhadis,Externals,Yes
3702,thewilkybarkid,Externals,pchaigno,Externals,No
3698,davidaylaian,Externals,lildude,Internals,No
3696,am11,Externals,lildude,Internals,No
3691,jrha,Externals,pchaigno,Externals,No
3682,wcpines,Externals,pchaigno,Externals,No
3672,Alhadis,Externals,Alhadis,Externals,Yes
3669,lildude,Internals,lildude,Internals,Yes
3662,MahmoudFayed,Externals,lildude,Internals,No
3660,rkoeninger,Externals,pchaigno,Externals,No
3652,tbodt,Externals,lildude,Internals,No
3650,Alhadis,Externals,Alhadis,Externals,Yes
3648,MaickelHubner,Externals,lildude,Internals,No
3643,lildude,Internals,lildude,Internals,Yes
3642,lildude,Internals,lildude,Internals,Yes
3640,lucky,Externals,lildude,Internals,No
3639,lildude,Internals,lildude,Internals,Yes
3634,mthadley,Externals,lildude,Internals,No
3633,rkirsling,Externals,lildude,Internals,No
3630,Alhadis,Externals,Alhadis,Externals,Yes
3629,lildude,Internals,lildude,Internals,Yes
3627,vmg,Internals,vmg,Internals,Yes
3626,rkoeninger,Externals,lildude,Internals,No
3625,rkoeninger,Externals,lildude,Internals,No
3616,lildude,Internals,lildude,Internals,Yes
3614,multiprecision,Externals,lildude,Internals,No
3611,SimenB,Externals,lildude,Internals,No
3608,sergeyklay,Externals,lildude,Internals,No
3604,lildude,Internals,lildude,Internals,Yes
3603,lildude,Internals,lildude,Internals,Yes
3597,lildude,Internals,lildude,Internals,Yes
3593,goodmind,Externals,lildude,Internals,No
3592,pchaigno,Externals,lildude,Internals,No
3588,jelder,Externals,lildude,Internals,No
3587,Alhadis,Externals,pchaigno,Externals,No
3586,Alhadis,Externals,lildude,Internals,No
3582,ngarnier,Externals,Alhadis,Externals,No
3580,MichaelGrafnetter,Externals,lildude,Internals,No
3579,cpojer,Externals,pchaigno,Externals,No
3578,binki,Externals,lildude,Internals,No
3575,stof,Externals,lildude,Internals,No
3574,thesave,Externals,lildude,Internals,No
3572,hnryjms,Externals,lildude,Internals,No
3564,pchaigno,Externals,lildude,Internals,No
3556,smola,Externals,lildude,Internals,No
3550,smola,Externals,Alhadis,Externals,No
3548,dmoisset,Externals,lildude,Internals,No
3541,kivikakk,Internals,kivikakk,Internals,Yes
3535,kivikakk,Internals,kivikakk,Internals,Yes
3534,kivikakk,Internals,kivikakk,Internals,Yes
3533,rafer,Internals,rafer,Internals,Yes
3530,javierhonduco,Externals,pchaigno,Externals,No
3525,rdwampler,Externals,kivikakk,Internals,No
3524,kivikakk,Internals,kivikakk,Internals,Yes
3523,kivikakk,Internals,kivikakk,Internals,Yes
3519,mlrawlings,Externals,lildude,Internals,No
3518,lildude,Internals,brandonblack,Internals,No
3517,fragmer,Externals,lildude,Internals,No
3512,liavt,Externals,brandonblack,Internals,No
3511,NN---,Externals,brandonblack,Internals,No
3510,pchaigno,Externals,brandonblack,Internals,No
3509,siegy22,Externals,brandonblack,Internals,No
3504,pchaigno,Externals,brandonblack,Internals,No
3502,pchaigno,Externals,brandonblack,Internals,No
3500,sandyarmstrong,Externals,lildude,Internals,No
3493,klpn,Externals,brandonblack,Internals,No
3491,tgjones,Externals,lildude,Internals,No
3490,tgjones,Externals,lildude,Internals,No
3489,brandonblack,Internals,brandonblack,Internals,Yes
3488,nwhetsell,Externals,brandonblack,Internals,No
3487,ararslan,Externals,brandonblack,Internals,No
3485,gjtorikian,Internals,gjtorikian,Internals,Yes
3479,brandonblack,Internals,brandonblack,Internals,Yes
3477,brandonblack,Internals,brandonblack,Internals,Yes
3476,Phineas,Externals,brandonblack,Internals,No
3475,pchaigno,Externals,brandonblack,Internals,No
3473,lildude,Internals,lildude,Internals,Yes
3471,lildude,Internals,lildude,Internals,Yes
3470,pchaigno,Externals,pchaigno,Externals,Yes
3469,tgjones,Externals,brandonblack,Internals,No
3466,jlec,Externals,lildude,Internals,No
3464,alloy,Externals,lildude,Internals,No
3463,TingPing,Externals,brandonblack,Internals,No
3459,softprops,Externals,brandonblack,Internals,No
3457,Dorian,Externals,lildude,Internals,No
3454,stoe,Internals,stoe,Internals,Yes
3452,larsbrinkhoff,Externals,brandonblack,Internals,No
3448,thezim,Externals,brandonblack,Internals,No
3447,fix-fix,Externals,brandonblack,Internals,No
3445,brandonblack,Internals,brandonblack,Internals,Yes
3444,brandonblack,Internals,brandonblack,Internals,Yes
3443,Alhadis,Externals,brandonblack,Internals,No
3441,Alhadis,Externals,brandonblack,Internals,No
3438,javierhonduco,Externals,brandonblack,Internals,No
3436,brandonblack,Internals,brandonblack,Internals,Yes
3434,pchaigno,Externals,brandonblack,Internals,No
3432,sunderls,Externals,brandonblack,Internals,No
3429,kivikakk,Internals,kivikakk,Internals,Yes
3427,brandonblack,Internals,brandonblack,Internals,Yes
3426,Alhadis,Externals,kivikakk,Internals,No
3424,kivikakk,Internals,kivikakk,Internals,Yes
3423,arfon,Internals,brandonblack,Internals,No
3421,brandonblack,Internals,brandonblack,Internals,Yes
3420,kivikakk,Internals,brandonblack,Internals,No
3416,zonuexe,Externals,brandonblack,Internals,No
3413,danilaml,Externals,brandonblack,Internals,No
3411,pchaigno,Externals,brandonblack,Internals,No
3409,pchaigno,Externals,brandonblack,Internals,No
3402,samcv,Externals,brandonblack,Internals,No
3396,astavale,Externals,brandonblack,Internals,No
3393,nwhetsell,Externals,brandonblack,Internals,No
3392,alexlouden,Externals,lildude,Internals,No
3388,brandonblack,Internals,brandonblack,Internals,Yes
3382,choofie,Externals,brandonblack,Internals,No
3377,samcv,Externals,pchaigno,Externals,No
3373,yutannihilation,Externals,brandonblack,Internals,No
3370,brandonblack,Internals,brandonblack,Internals,Yes
3368,Alhadis,Externals,brandonblack,Internals,No
3367,zonuexe,Externals,brandonblack,Internals,No
3361,pchaigno,Externals,brandonblack,Internals,No
3360,pchaigno,Externals,brandonblack,Internals,No
3359,pchaigno,Externals,brandonblack,Internals,No
3358,ykzts,Externals,brandonblack,Internals,No
3355,meganemura,Externals,brandonblack,Internals,No
3354,meganemura,Externals,brandonblack,Internals,No
3353,Alhadis,Externals,brandonblack,Internals,No
3352,ahmadsalim,Externals,brandonblack,Internals,No
3350,meganemura,Externals,brandonblack,Internals,No
3349,pchaigno,Externals,brandonblack,Internals,No
3341,SimenB,Externals,brandonblack,Internals,No
3337,pchaigno,Externals,brandonblack,Internals,No
3336,freebroccolo,Externals,brandonblack,Internals,No
3333,saantiaguilera,Externals,brandonblack,Internals,No
3329,askreet,Externals,brandonblack,Internals,No
3325,danilaml,Externals,brandonblack,Internals,No
3315,arfon,Internals,arfon,Internals,Yes
3314,Alhadis,Externals,arfon,Internals,No
3312,sanssecours,Externals,arfon,Internals,No
3311,sanssecours,Externals,arfon,Internals,No
3310,arfon,Internals,arfon,Internals,Yes
3308,arfon,Internals,arfon,Internals,Yes
3307,arfon,Internals,arfon,Internals,Yes
3297,arfon,Internals,arfon,Internals,Yes
3296,arfon,Internals,arfon,Internals,Yes
3295,arfon,Internals,arfon,Internals,Yes
3294,larsbrinkhoff,Externals,arfon,Internals,No
3289,pchaigno,Externals,arfon,Internals,No
3284,pchaigno,Externals,brandonblack,Internals,No
3280,larsbrinkhoff,Externals,larsbrinkhoff,Externals,Yes
3279,Alhadis,Externals,arfon,Internals,No
3278,arfon,Internals,brandonblack,Internals,No
3277,Alhadis,Externals,arfon,Internals,No
3272,pchaigno,Externals,arfon,Internals,No
3268,Alhadis,Externals,arfon,Internals,No
3266,Alhadis,Externals,arfon,Internals,No
3264,Alhadis,Externals,arfon,Internals,No
3259,Alhadis,Externals,arfon,Internals,No
3258,scottmangiapane,Externals,arfon,Internals,No
3255,larsbrinkhoff,Externals,larsbrinkhoff,Externals,Yes
3254,alexruperez,Externals,arfon,Internals,No
3253,pchaigno,Externals,pchaigno,Externals,Yes
3251,pchaigno,Externals,pchaigno,Externals,Yes
3249,pchaigno,Externals,arfon,Internals,No
3246,pchaigno,Externals,pchaigno,Externals,Yes
3245,jecisc,Externals,arfon,Internals,No
3243,tberman,Externals,josh,Internals,No
3242,JoshCheek,Externals,arfon,Internals,No
3240,arfon,Internals,arfon,Internals,Yes
3238,arfon,Internals,arfon,Internals,Yes
3237,arfon,Internals,arfon,Internals,Yes
3236,arfon,Internals,arfon,Internals,Yes
3235,tberman,Externals,arfon,Internals,No
3223,Alhadis,Externals,arfon,Internals,No
3221,jredville,Externals,brandonblack,Internals,No
3219,Alhadis,Externals,arfon,Internals,No
3218,larsbrinkhoff,Externals,larsbrinkhoff,Externals,Yes
3215,arfon,Internals,arfon,Internals,Yes
3214,pchaigno,Externals,arfon,Internals,No
3213,larsbrinkhoff,Externals,arfon,Internals,No
3212,arfon,Internals,arfon,Internals,Yes
3208,pchaigno,Externals,arfon,Internals,No
3207,pchaigno,Externals,arfon,Internals,No
3206,pchaigno,Externals,arfon,Internals,No
3205,arfon,Internals,arfon,Internals,Yes
3203,arfon,Internals,arfon,Internals,Yes
3201,pchaigno,Externals,arfon,Internals,No
3198,larsbrinkhoff,Externals,arfon,Internals,No
3197,Alhadis,Externals,arfon,Internals,No
3195,larsbrinkhoff,Externals,larsbrinkhoff,Externals,Yes
3193,Alhadis,Externals,arfon,Internals,No
3189,Alhadis,Externals,arfon,Internals,No
3183,akhtars,Externals,arfon,Internals,No
3182,adius,Externals,arfon,Internals,No
3176,Alhadis,Externals,arfon,Internals,No
3175,Alhadis,Externals,arfon,Internals,No
3174,Alhadis,Externals,pchaigno,Externals,No
3173,Alhadis,Externals,arfon,Internals,No
3171,pchaigno,Externals,pchaigno,Externals,Yes
3165,arfon,Internals,arfon,Internals,Yes
3162,pchaigno,Externals,arfon,Internals,No
3152,ajlangley,Externals,pchaigno,Externals,No
3147,Alhadis,Externals,pchaigno,Externals,No
3145,MartinNowak,Externals,lildude,Internals,No
3142,Crissov,Externals,brandonblack,Internals,No
3141,Alhadis,Externals,arfon,Internals,No
3126,Alhadis,Externals,larsbrinkhoff,Externals,No
3124,larsbrinkhoff,Externals,larsbrinkhoff,Externals,Yes
3123,sahildua2305,Externals,arfon,Internals,No
3116,arfon,Internals,arfon,Internals,Yes
3115,arfon,Internals,arfon,Internals,Yes
3113,larsbrinkhoff,Externals,arfon,Internals,No
3108,larsbrinkhoff,Externals,larsbrinkhoff,Externals,Yes
3105,jbrooksuk,Externals,arfon,Internals,No
3102,sahildua2305,Externals,arfon,Internals,No
3098,pchaigno,Externals,arfon,Internals,No
3095,larsbrinkhoff,Externals,arfon,Internals,No
3092,pchaigno,Externals,arfon,Internals,No
3091,cozos,Externals,arfon,Internals,No
3090,pchaigno,Externals,arfon,Internals,No
3088,sahildua2305,Externals,arfon,Internals,No
3087,pchaigno,Externals,pchaigno,Externals,Yes
3086,pchaigno,Externals,pchaigno,Externals,Yes
3085,sahildua2305,Externals,arfon,Internals,No
3082,pchaigno,Externals,arfon,Internals,No
3080,pchaigno,Externals,arfon,Internals,No
3079,pchaigno,Externals,arfon,Internals,No
3078,sahildua2305,Externals,arfon,Internals,No
3077,sahildua2305,Externals,pchaigno,Externals,No
3076,liavt,Externals,arfon,Internals,No
3071,arfon,Internals,arfon,Internals,Yes
3069,Alhadis,Externals,pchaigno,Externals,No
3068,sahildua2305,Externals,pchaigno,Externals,No
3066,pchaigno,Externals,arfon,Internals,No
3061,sahildua2305,Externals,arfon,Internals,No
3054,Alhadis,Externals,larsbrinkhoff,Externals,No
3053,Alhadis,Externals,arfon,Internals,No
3052,Alhadis,Externals,arfon,Internals,No
3051,arfon,Internals,arfon,Internals,Yes
3049,Alhadis,Externals,arfon,Internals,No
3048,Limess,Externals,arfon,Internals,No
3046,arfon,Internals,arfon,Internals,Yes
3040,MathBunny,Externals,arfon,Internals,No
3038,Alhadis,Externals,arfon,Internals,No
3037,Alhadis,Externals,arfon,Internals,No
3035,arfon,Internals,arfon,Internals,Yes
3034,arfon,Internals,arfon,Internals,Yes
3033,arfon,Internals,arfon,Internals,Yes
3030,Alhadis,Externals,arfon,Internals,No
3029,Alhadis,Externals,arfon,Internals,No
3028,Alhadis,Externals,arfon,Internals,No
3019,chillum,Externals,arfon,Internals,No
3010,Alhadis,Externals,arfon,Internals,No
3009,Alhadis,Externals,arfon,Internals,No
3007,russelldavis,Externals,arfon,Internals,No
3005,nwhetsell,Externals,arfon,Internals,No
3001,snh,Internals,arfon,Internals,No
2999,arfon,Internals,arfon,Internals,Yes
2998,arfon,Internals,arfon,Internals,Yes
2996,keplersj,Externals,arfon,Internals,No
2995,arfon,Internals,arfon,Internals,Yes
2994,arfon,Internals,arfon,Internals,Yes
2993,arfon,Internals,arfon,Internals,Yes
2992,arfon,Internals,arfon,Internals,Yes
2991,pchaigno,Externals,arfon,Internals,No
2990,arfon,Internals,arfon,Internals,Yes
2986,Alhadis,Externals,arfon,Internals,No
2984,jkrems,Externals,arfon,Internals,No
2980,pchaigno,Externals,arfon,Internals,No
2976,pchaigno,Externals,arfon,Internals,No
2973,arfon,Internals,arfon,Internals,Yes
2971,Alhadis,Externals,arfon,Internals,No
2969,pchaigno,Externals,arfon,Internals,No
2967,pchaigno,Externals,arfon,Internals,No
2966,pchaigno,Externals,arfon,Internals,No
2964,ghost,Externals,arfon,Internals,No
2961,pchaigno,Externals,arfon,Internals,No
2955,bkeepers,Internals,bkeepers,Internals,Yes
2954,ghost,Externals,arfon,Internals,No
2951,BruceKnowsHow,Externals,arfon,Internals,No
2950,arfon,Internals,arfon,Internals,Yes
2947,gjtorikian,Internals,arfon,Internals,No
2941,keplersj,Externals,arfon,Internals,No
2938,Alhadis,Externals,arfon,Internals,No
2937,Alhadis,Externals,arfon,Internals,No
2936,arfon,Internals,arfon,Internals,Yes
2935,jirutka,Externals,arfon,Internals,No
2934,jirutka,Externals,arfon,Internals,No
2928,PJB3005,Externals,arfon,Internals,No
2927,Alhadis,Externals,arfon,Internals,No
2922,arfon,Internals,arfon,Internals,Yes
2921,Alhadis,Externals,arfon,Internals,No
2920,Alhadis,Externals,arfon,Internals,No
2914,arfon,Internals,arfon,Internals,Yes
2911,arfon,Internals,arfon,Internals,Yes
2910,Dominator008,Externals,arfon,Internals,No
2908,arfon,Internals,arfon,Internals,Yes
2907,keplersj,Externals,arfon,Internals,No
2906,jamesqo,Externals,arfon,Internals,No
2905,arfon,Internals,arfon,Internals,Yes
2903,arfon,Internals,arfon,Internals,Yes
2902,jamesqo,Externals,arfon,Internals,No
2900,arfon,Internals,arfon,Internals,Yes
2899,jamesqo,Externals,arfon,Internals,No
2898,arfon,Internals,arfon,Internals,Yes
2897,arfon,Internals,arfon,Internals,Yes
2896,arfon,Internals,arfon,Internals,Yes
2895,arfon,Internals,arfon,Internals,Yes
2894,pchaigno,Externals,arfon,Internals,No
2893,arfon,Internals,arfon,Internals,Yes
2892,arfon,Internals,arfon,Internals,Yes
2891,pchaigno,Externals,arfon,Internals,No
2887,arfon,Internals,arfon,Internals,Yes
2886,arfon,Internals,arfon,Internals,Yes
2884,arfon,Internals,arfon,Internals,Yes
2883,williamd1k0,Externals,arfon,Internals,No
2882,arfon,Internals,arfon,Internals,Yes
2880,arfon,Internals,arfon,Internals,Yes
2877,pchaigno,Externals,arfon,Internals,No
2876,vmg,Internals,vmg,Internals,Yes
2875,arfon,Internals,arfon,Internals,Yes
2873,arfon,Internals,arfon,Internals,Yes
2870,kusma,Externals,arfon,Internals,No
2869,pchaigno,Externals,arfon,Internals,No
2868,arfon,Internals,arfon,Internals,Yes
2866,ghost,Externals,arfon,Internals,No
2861,jglick,Externals,arfon,Internals,No
2858,williamd1k0,Externals,arfon,Internals,No
2857,Dominator008,Externals,arfon,Internals,No
2856,arfon,Internals,arfon,Internals,Yes
2851,edechter,Externals,arfon,Internals,No
2846,Dominator008,Externals,arfon,Internals,No
2845,kusma,Externals,arfon,Internals,No
2844,pchaigno,Externals,arfon,Internals,No
2843,bkeepers,Internals,arfon,Internals,No
2842,kusma,Externals,arfon,Internals,No
2838,scop,Externals,arfon,Internals,No
2837,scop,Externals,arfon,Internals,No
2836,arfon,Internals,arfon,Internals,Yes
2833,pchaigno,Externals,arfon,Internals,No
2832,arfon,Internals,arfon,Internals,Yes
2831,FarbodSalamat-Zadeh,Externals,arfon,Internals,No
2827,pchaigno,Externals,arfon,Internals,No
2822,AbigailBuccaneer,Externals,arfon,Internals,No
2812,chrisarcand,Externals,arfon,Internals,No
2811,pchaigno,Externals,arfon,Internals,No
2809,arfon,Internals,arfon,Internals,Yes
2808,pchaigno,Externals,arfon,Internals,No
2807,mrmonday,Externals,arfon,Internals,No
2805,jamesqo,Externals,arfon,Internals,No
2803,c-lipka,Externals,arfon,Internals,No
2800,arfon,Internals,arfon,Internals,Yes
2797,lpil,Externals,arfon,Internals,No
2796,arfon,Internals,arfon,Internals,Yes
2794,erkyrath,Externals,arfon,Internals,No
2792,aqnouch,Externals,arfon,Internals,No
2788,nwolverson,Externals,arfon,Internals,No
2783,jrnold,Externals,arfon,Internals,No
2782,pchaigno,Externals,arfon,Internals,No
2778,pchaigno,Externals,arfon,Internals,No
2776,humzashah,Externals,arfon,Internals,No
2773,nixel2007,Externals,arfon,Internals,No
2772,ibnfirnas,Externals,arfon,Internals,No
2771,ibnfirnas,Externals,arfon,Internals,No
2768,williamd1k0,Externals,arfon,Internals,No
2766,piki,Internals,vmg,Internals,No
2765,arfon,Internals,arfon,Internals,Yes
2763,arfon,Internals,arfon,Internals,Yes
2759,pchaigno,Externals,arfon,Internals,No
2758,arfon,Internals,arfon,Internals,Yes
2757,scottclowe,Externals,arfon,Internals,No
2755,arfon,Internals,arfon,Internals,Yes
2749,Alhadis,Externals,arfon,Internals,No
2741,arfon,Internals,arfon,Internals,Yes
2736,ppwwyyxx,Externals,arfon,Internals,No
2735,tschf,Externals,lildude,Internals,No
2733,arfon,Internals,arfon,Internals,Yes
2731,soc,Externals,arfon,Internals,No
2729,larsbrinkhoff,Externals,arfon,Internals,No
2728,larsbrinkhoff,Externals,arfon,Internals,No
2722,arfon,Internals,arfon,Internals,Yes
2718,meatballhat,Externals,arfon,Internals,No
2717,meatballhat,Externals,arfon,Internals,No
2716,aroben,Internals,arfon,Internals,No
2714,aroben,Internals,arfon,Internals,No
2712,matiasinsaurralde,Externals,arfon,Internals,No
2706,redroot,Externals,arfon,Internals,No
2702,arfon,Internals,arfon,Internals,Yes
2700,pchaigno,Externals,arfon,Internals,No
2698,phase,Externals,arfon,Internals,No
2696,arfon,Internals,arfon,Internals,Yes
2694,arfon,Internals,arfon,Internals,Yes
2690,bkeepers,Internals,arfon,Internals,No
2689,ratherblue,Externals,arfon,Internals,No
2686,pchaigno,Externals,arfon,Internals,No
2684,jeffkreeftmeijer,Externals,arfon,Internals,No
2683,hipikat,Externals,arfon,Internals,No
2681,miek,Externals,arfon,Internals,No
2680,keplersj,Externals,arfon,Internals,No
2676,lucky,Externals,arfon,Internals,No
2675,fbonzon,Externals,arfon,Internals,No
2672,arfon,Internals,arfon,Internals,Yes
2671,pchaigno,Externals,arfon,Internals,No
2656,iblech,Externals,arfon,Internals,No
2655,iblech,Externals,arfon,Internals,No
2654,vmg,Internals,vmg,Internals,Yes
2648,jaredpetersen,Externals,arfon,Internals,No
2642,bkeepers,Internals,arfon,Internals,No
2641,mislav,Internals,vmg,Internals,No
2640,wizawu,Externals,arfon,Internals,No
2636,vmg,Internals,vmg,Internals,Yes
2630,vmg,Internals,vmg,Internals,Yes
2625,arfon,Internals,arfon,Internals,Yes
2624,pchaigno,Externals,arfon,Internals,No
2622,miksen,Externals,arfon,Internals,No
2619,arfon,Internals,arfon,Internals,Yes
2616,scttnlsn,Externals,arfon,Internals,No
2613,ghost,Externals,arfon,Internals,No
2612,arfon,Internals,arfon,Internals,Yes
2610,ghost,Externals,arfon,Internals,No
2607,Alhadis,Externals,arfon,Internals,No
2606,thejameskyle,Externals,arfon,Internals,No
2604,larsbrinkhoff,Externals,arfon,Internals,No
2600,manveru,Externals,arfon,Internals,No
2594,benbalter,Internals,benbalter,Internals,Yes
2592,jtbandes,Externals,arfon,Internals,No
2591,jtbandes,Externals,arfon,Internals,No
2589,mandel,Externals,arfon,Internals,No
2582,pchaigno,Externals,arfon,Internals,No
2580,LeonaMorro,Externals,arfon,Internals,No
2578,blakeembrey,Externals,arfon,Internals,No
2574,arfon,Internals,arfon,Internals,Yes
2573,a0viedo,Externals,arfon,Internals,No
2572,pchaigno,Externals,arfon,Internals,No
2571,pchaigno,Externals,arfon,Internals,No
2570,pchaigno,Externals,arfon,Internals,No
2568,benbalter,Internals,benbalter,Internals,Yes
2567,pcantrell,Externals,arfon,Internals,No
2566,arfon,Internals,arfon,Internals,Yes
2565,pchaigno,Externals,arfon,Internals,No
2561,pchaigno,Externals,arfon,Internals,No
2560,larsbrinkhoff,Externals,arfon,Internals,No
2557,pchaigno,Externals,arfon,Internals,No
2555,larsbrinkhoff,Externals,arfon,Internals,No
2554,arfon,Internals,arfon,Internals,Yes
2552,arfon,Internals,arfon,Internals,Yes
2551,arfon,Internals,arfon,Internals,Yes
2549,arfon,Internals,arfon,Internals,Yes
2547,arfon,Internals,arfon,Internals,Yes
2546,ammaraskar,Externals,arfon,Internals,No
2545,pchaigno,Externals,arfon,Internals,No
2542,josh,Internals,arfon,Internals,No
2541,arfon,Internals,arfon,Internals,Yes
2540,pchaigno,Externals,arfon,Internals,No
2539,rji,Externals,arfon,Internals,No
2538,BerkeleyTrue,Externals,arfon,Internals,No
2537,imsys,Externals,arfon,Internals,No
2536,arfon,Internals,arfon,Internals,Yes
2535,pchaigno,Externals,arfon,Internals,No
2534,arfon,Internals,arfon,Internals,Yes
2533,arfon,Internals,arfon,Internals,Yes
2532,arfon,Internals,arfon,Internals,Yes
2527,radeksimko,Externals,arfon,Internals,No
2526,arfon,Internals,arfon,Internals,Yes
2525,arfon,Internals,arfon,Internals,Yes
2524,arfon,Internals,arfon,Internals,Yes
2515,arfon,Internals,arfon,Internals,Yes
2513,yyx990803,Externals,arfon,Internals,No
2510,joelparkerhenderson,Externals,arfon,Internals,No
2506,hdgarrood,Externals,arfon,Internals,No
2502,vszakats,Externals,gjtorikian,Internals,No
2500,arfon,Internals,arfon,Internals,Yes
2499,vszakats,Externals,arfon,Internals,No
2494,keplersj,Externals,arfon,Internals,No
2493,miek,Externals,arfon,Internals,No
2488,bkeepers,Internals,arfon,Internals,No
2487,thorade,Externals,arfon,Internals,No
2180,pchaigno,Externals,arfon,Internals,No
2484,pchaigno,Externals,arfon,Internals,No
2483,arfon,Internals,arfon,Internals,Yes
2482,arfon,Internals,arfon,Internals,Yes
2481,arfon,Internals,arfon,Internals,Yes
2479,ianamason,Externals,arfon,Internals,No
2478,mattn,Externals,arfon,Internals,No
2477,vmg,Internals,vmg,Internals,Yes
2463,pchaigno,Externals,arfon,Internals,No
2457,drewcrawford,Externals,arfon,Internals,No
2456,arfon,Internals,arfon,Internals,Yes
2449,larsbrinkhoff,Externals,arfon,Internals,No
2447,Ryman,Externals,arfon,Internals,No
2445,rneatherway,Externals,arfon,Internals,No
2443,wcandillon,Externals,arfon,Internals,No
2441,pchaigno,Externals,arfon,Internals,No
2440,rpavlick,Externals,arfon,Internals,No
2439,alexweber,Externals,gjtorikian,Internals,No
2438,edm00se,Externals,arfon,Internals,No
2432,jakepetroules,Externals,arfon,Internals,No
2431,pchaigno,Externals,arfon,Internals,No
2429,larsbrinkhoff,Externals,arfon,Internals,No
2426,tamird,Externals,arfon,Internals,No
2425,larsbrinkhoff,Externals,arfon,Internals,No
2422,CalebFenton,Externals,arfon,Internals,No
2419,evgenyneu,Externals,arfon,Internals,No
2413,yegortimoshenko,Externals,arfon,Internals,No
2410,SimenB,Externals,arfon,Internals,No
2407,arfon,Internals,arfon,Internals,Yes
2405,aroben,Internals,arfon,Internals,No
2401,arfon,Internals,arfon,Internals,Yes
2394,arfon,Internals,arfon,Internals,Yes
2393,KrauseFx,Externals,arfon,Internals,No
2392,vighnesh1987,Externals,arfon,Internals,No
2390,larsbrinkhoff,Externals,arfon,Internals,No
2388,mephaust,Externals,arfon,Internals,No
2387,aivus,Externals,arfon,Internals,No
2386,larsbrinkhoff,Externals,arfon,Internals,No
2383,larsbrinkhoff,Externals,arfon,Internals,No
2378,Mailaender,Externals,arfon,Internals,No
2375,mbdoud,Externals,arfon,Internals,No
2374,pchaigno,Externals,arfon,Internals,No
2373,pchaigno,Externals,arfon,Internals,No
2372,pchaigno,Externals,arfon,Internals,No
2368,vog,Externals,arfon,Internals,No
2363,danielgtaylor,Externals,arfon,Internals,No
2170,pchaigno,Externals,arfon,Internals,No
2346,larsbrinkhoff,Externals,arfon,Internals,No
2341,bkeepers,Internals,arfon,Internals,No
2340,bkeepers,Internals,bkeepers,Internals,Yes
2339,vitaut,Externals,arfon,Internals,No
2335,DavidJFelix,Externals,arfon,Internals,No
2334,thomasvandoren,Externals,bkeepers,Internals,No
2333,3flex,Externals,bkeepers,Internals,No
2330,larsbrinkhoff,Externals,arfon,Internals,No
2328,arfon,Internals,arfon,Internals,Yes
2326,arfon,Internals,arfon,Internals,Yes
2325,arfon,Internals,arfon,Internals,Yes
2324,pchaigno,Externals,arfon,Internals,No
2323,lsf37,Externals,bkeepers,Internals,No
2322,larsbrinkhoff,Externals,arfon,Internals,No
2314,larsbrinkhoff,Externals,arfon,Internals,No
2312,larsbrinkhoff,Externals,arfon,Internals,No
2311,pchaigno,Externals,arfon,Internals,No
2309,pchaigno,Externals,arfon,Internals,No
2308,pchaigno,Externals,arfon,Internals,No
2306,powerman,Externals,arfon,Internals,No
2304,arfon,Internals,arfon,Internals,Yes
2301,danp,Externals,arfon,Internals,No
2300,arfon,Internals,arfon,Internals,Yes
2299,arfon,Internals,arfon,Internals,Yes
2298,gjtorikian,Internals,arfon,Internals,No
2296,phase,Externals,arfon,Internals,No
2295,arfon,Internals,arfon,Internals,Yes
2294,arfon,Internals,arfon,Internals,Yes
2293,arfon,Internals,arfon,Internals,Yes
2291,ifarbod,Externals,arfon,Internals,No
2290,untitaker,Externals,arfon,Internals,No
2289,lepture,Externals,arfon,Internals,No
2286,arfon,Internals,arfon,Internals,Yes
2279,joewiz,Externals,arfon,Internals,No
2276,MakeNowJust,Externals,arfon,Internals,No
2275,ptoomey3,Internals,arfon,Internals,No
2274,csimons,Externals,gjtorikian,Internals,No
2272,lpil,Externals,arfon,Internals,No
2270,larsbrinkhoff,Externals,arfon,Internals,No
2269,stuartpb,Externals,arfon,Internals,No
2266,Dorian,Externals,arfon,Internals,No
2265,arfon,Internals,arfon,Internals,Yes
2264,arfon,Internals,arfon,Internals,Yes
2263,arfon,Internals,arfon,Internals,Yes
2262,drautb,Externals,arfon,Internals,No
2261,ntkme,Externals,arfon,Internals,No
2259,adelcambre,Externals,vmg,Internals,No
2257,Oldes,Externals,arfon,Internals,No
2256,Oldes,Externals,arfon,Internals,No
2254,shaunlebron,Externals,arfon,Internals,No
2253,larsbrinkhoff,Externals,arfon,Internals,No
2250,shaneog,Externals,arfon,Internals,No
2247,larsbrinkhoff,Externals,arfon,Internals,No
2246,vitaut,Externals,arfon,Internals,No
2242,larsbrinkhoff,Externals,arfon,Internals,No
2241,arfon,Internals,arfon,Internals,Yes
2236,phase,Externals,arfon,Internals,No
2233,tesch1,Externals,arfon,Internals,No
2232,pchaigno,Externals,arfon,Internals,No
2231,pchaigno,Externals,arfon,Internals,No
2229,pchaigno,Externals,arfon,Internals,No
2227,samoht,Externals,arfon,Internals,No
2224,arfon,Internals,arfon,Internals,Yes
2222,chriskuehl,Externals,arfon,Internals,No
2218,xPaw,Externals,arfon,Internals,No
2215,bkeepers,Internals,bkeepers,Internals,Yes
2213,ntkme,Externals,arfon,Internals,No
2209,chezwicker,Externals,arfon,Internals,No
2207,aroben,Internals,aroben,Internals,Yes
2204,aquileia,Externals,arfon,Internals,No
2203,pchaigno,Externals,arfon,Internals,No
2202,pchaigno,Externals,arfon,Internals,No
2200,arfon,Internals,arfon,Internals,Yes
2198,tarebyte,Internals,arfon,Internals,No
2196,larsbrinkhoff,Externals,arfon,Internals,No
2193,pchaigno,Externals,arfon,Internals,No
2192,graymalkin,Externals,arfon,Internals,No
2189,pchaigno,Externals,arfon,Internals,No
2188,graymalkin,Externals,arfon,Internals,No
2184,redj,Externals,arfon,Internals,No
2181,pchaigno,Externals,arfon,Internals,No
2179,pchaigno,Externals,arfon,Internals,No
2178,munrocape,Externals,bkeepers,Internals,No
2176,arfon,Internals,arfon,Internals,Yes
2175,arfon,Internals,arfon,Internals,Yes
2174,arfon,Internals,bkeepers,Internals,No
2173,arfon,Internals,arfon,Internals,Yes
2171,pchaigno,Externals,bkeepers,Internals,No
2165,deviantintegral,Externals,arfon,Internals,No
2162,charliesome,Internals,arfon,Internals,No
2160,brandonwamboldt,Externals,arfon,Internals,No
2158,arfon,Internals,arfon,Internals,Yes
2157,hoosierEE,Externals,arfon,Internals,No
2154,pchaigno,Externals,arfon,Internals,No
2153,gjtorikian,Internals,gjtorikian,Internals,Yes
2152,pchaigno,Externals,arfon,Internals,No
2151,soonhokong,Externals,arfon,Internals,No
2147,pchaigno,Externals,arfon,Internals,No
2146,pchaigno,Externals,arfon,Internals,No
2145,larsbrinkhoff,Externals,arfon,Internals,No
2141,aroben,Internals,aroben,Internals,Yes
2139,aroben,Internals,aroben,Internals,Yes
2136,aroben,Internals,aroben,Internals,Yes
2135,aroben,Internals,aroben,Internals,Yes
2133,aroben,Internals,aroben,Internals,Yes
2128,larsbrinkhoff,Externals,arfon,Internals,No
2123,larsbrinkhoff,Externals,arfon,Internals,No
2120,arfon,Internals,arfon,Internals,Yes
2119,pchaigno,Externals,bkeepers,Internals,No
2118,xbony2,Externals,bkeepers,Internals,No
2114,aroben,Internals,aroben,Internals,Yes
2112,nwellnhof,Externals,arfon,Internals,No
2102,phillipberndt,Externals,arfon,Internals,No
2101,amclain,Externals,arfon,Internals,No
2100,honzabrecka,Externals,arfon,Internals,No
2098,larsbrinkhoff,Externals,arfon,Internals,No
2097,aroben,Internals,aroben,Internals,Yes
2092,bkeepers,Internals,bkeepers,Internals,Yes
2089,pchaigno,Externals,aroben,Internals,No
2087,pchaigno,Externals,arfon,Internals,No
2086,pchaigno,Externals,arfon,Internals,No
2085,arfon,Internals,arfon,Internals,Yes
2083,arfon,Internals,arfon,Internals,Yes
2079,lqez,Externals,arfon,Internals,No
2078,pchaigno,Externals,arfon,Internals,No
2077,arfon,Internals,arfon,Internals,Yes
2076,larsbrinkhoff,Externals,arfon,Internals,No
2075,philix,Externals,arfon,Internals,No
2073,vitaut,Externals,arfon,Internals,No
2072,larsbrinkhoff,Externals,arfon,Internals,No
2071,pchaigno,Externals,arfon,Internals,No
2070,R4PaSs,Externals,lildude,Internals,No
2064,pchaigno,Externals,arfon,Internals,No
2063,larsbrinkhoff,Externals,bkeepers,Internals,No
2059,pchaigno,Externals,arfon,Internals,No
2058,pchaigno,Externals,arfon,Internals,No
2057,steinwaywhw,Externals,arfon,Internals,No
2056,arfon,Internals,arfon,Internals,Yes
2055,arfon,Internals,arfon,Internals,Yes
2048,infininight,Externals,arfon,Internals,No
2047,vors,Externals,arfon,Internals,No
2044,pchaigno,Externals,arfon,Internals,No
2041,arfon,Internals,arfon,Internals,Yes
2037,pchaigno,Externals,arfon,Internals,No
2006,pchaigno,Externals,brandonblack,Internals,No
2031,pchaigno,Externals,arfon,Internals,No
2030,arfon,Internals,arfon,Internals,Yes
2025,hyperair,Externals,arfon,Internals,No
2024,halirutan,Externals,arfon,Internals,No
2017,arfon,Internals,arfon,Internals,Yes
2015,arfon,Internals,arfon,Internals,Yes
2014,arfon,Internals,arfon,Internals,Yes
2007,mamodom,Externals,arfon,Internals,No
2005,JJ,Externals,arfon,Internals,No
2003,pchaigno,Externals,arfon,Internals,No
2002,bkeepers,Internals,bkeepers,Internals,Yes
2001,hartsantler,Externals,arfon,Internals,No
2000,jayphelps,Externals,arfon,Internals,No
1999,arfon,Internals,arfon,Internals,Yes
1998,Frigolit,Externals,arfon,Internals,No
1996,aoetk,Externals,arfon,Internals,No
1995,phuicy,Externals,arfon,Internals,No
1989,davidabian,Externals,arfon,Internals,No
1986,pchaigno,Externals,aroben,Internals,No
1982,pchaigno,Externals,arfon,Internals,No
1978,larsbrinkhoff,Externals,bkeepers,Internals,No
1977,arfon,Internals,arfon,Internals,Yes
1976,arfon,Internals,aroben,Internals,No
1975,arfon,Internals,arfon,Internals,Yes
1974,aroben,Internals,aroben,Internals,Yes
1973,aroben,Internals,aroben,Internals,Yes
1970,larsbrinkhoff,Externals,aroben,Internals,No
1965,aroben,Internals,arfon,Internals,No
1963,aroben,Internals,aroben,Internals,Yes
1962,aroben,Internals,aroben,Internals,Yes
1959,floscher,Externals,aroben,Internals,No
1958,floscher,Externals,aroben,Internals,No
1956,aroben,Internals,aroben,Internals,Yes
1955,pchaigno,Externals,bkeepers,Internals,No
1954,aroben,Internals,aroben,Internals,Yes
1953,aroben,Internals,aroben,Internals,Yes
1952,pchaigno,Externals,arfon,Internals,No
1951,pchaigno,Externals,arfon,Internals,No
1950,aroben,Internals,aroben,Internals,Yes
1945,thotypous,Externals,arfon,Internals,No
1944,pchaigno,Externals,arfon,Internals,No
1942,pchaigno,Externals,arfon,Internals,No
1940,bkeepers,Internals,bkeepers,Internals,Yes
1938,floscher,Externals,aroben,Internals,No
1937,arfon,Internals,arfon,Internals,Yes
1933,floscher,Externals,arfon,Internals,No
1932,deadfoxygrandpa,Externals,arfon,Internals,No
1931,aroben,Internals,aroben,Internals,Yes
1930,aroben,Internals,aroben,Internals,Yes
1929,arfon,Internals,arfon,Internals,Yes
1928,arfon,Internals,arfon,Internals,Yes
1926,aroben,Internals,aroben,Internals,Yes
1922,Mailaender,Externals,arfon,Internals,No
1920,pchaigno,Externals,bkeepers,Internals,No
1916,Mailaender,Externals,arfon,Internals,No
1912,archywilhes,Externals,bkeepers,Internals,No
1909,aroben,Internals,aroben,Internals,Yes
1905,joaquincasares,Externals,aroben,Internals,No
1904,bkeepers,Internals,bkeepers,Internals,Yes
1900,dalehenrich,Externals,arfon,Internals,No
1899,sethvargo,Externals,arfon,Internals,No
1896,aroben,Internals,aroben,Internals,Yes
1895,aroben,Internals,aroben,Internals,Yes
1891,aroben,Internals,arfon,Internals,No
1890,arfon,Internals,arfon,Internals,Yes
1888,MattDMo,Externals,aroben,Internals,No
1886,Dadido3,Externals,arfon,Internals,No
1885,gjtorikian,Internals,arfon,Internals,No
1881,hawkw,Externals,arfon,Internals,No
1877,sebgod,Externals,arfon,Internals,No
1876,Mailaender,Externals,arfon,Internals,No
1875,arctic5,Externals,aroben,Internals,No
1871,arfon,Internals,arfon,Internals,Yes
1868,arfon,Internals,arfon,Internals,Yes
1866,arfon,Internals,arfon,Internals,Yes
1865,arfon,Internals,arfon,Internals,Yes
1864,robrix,Internals,arfon,Internals,No
1863,aroben,Internals,aroben,Internals,Yes
1861,aroben,Internals,arfon,Internals,No
1860,aroben,Internals,aroben,Internals,Yes
1859,pchaigno,Externals,bkeepers,Internals,No
1856,lutoma,Externals,arfon,Internals,No
1854,bkeepers,Internals,bkeepers,Internals,Yes
1850,othree,Externals,arfon,Internals,No
1848,larsbrinkhoff,Externals,arfon,Internals,No
1845,lostcolony,Externals,arfon,Internals,No
1844,pchaigno,Externals,bkeepers,Internals,No
1842,pchaigno,Externals,arfon,Internals,No
1841,danmichaelo,Externals,arfon,Internals,No
1835,tenbits,Externals,arfon,Internals,No
1834,karel-brinda,Externals,arfon,Internals,No
1832,pchaigno,Externals,aroben,Internals,No
1831,gjtorikian,Internals,gjtorikian,Internals,Yes
1821,arfon,Internals,arfon,Internals,Yes
1820,bkeepers,Internals,bkeepers,Internals,Yes
1818,arfon,Internals,arfon,Internals,Yes
1817,pchaigno,Externals,arfon,Internals,No
1816,arfon,Internals,arfon,Internals,Yes
1813,bkeepers,Internals,bkeepers,Internals,Yes
1812,arfon,Internals,arfon,Internals,Yes
1809,pchaigno,Externals,arfon,Internals,No
1803,arfon,Internals,arfon,Internals,Yes
1802,wmertens,Externals,aroben,Internals,No
1800,arfon,Internals,arfon,Internals,Yes
1798,arfon,Internals,arfon,Internals,Yes
1797,arfon,Internals,arfon,Internals,Yes
1796,arfon,Internals,arfon,Internals,Yes
1795,arfon,Internals,arfon,Internals,Yes
1791,pchaigno,Externals,bkeepers,Internals,No
1790,pchaigno,Externals,arfon,Internals,No
1788,bkeepers,Internals,bkeepers,Internals,Yes
1787,bkeepers,Internals,bkeepers,Internals,Yes
1782,anpar,Externals,arfon,Internals,No
1779,larsbrinkhoff,Externals,bkeepers,Internals,No
1776,bkeepers,Internals,bkeepers,Internals,Yes
1774,bkeepers,Internals,bkeepers,Internals,Yes
1773,aroben,Internals,aroben,Internals,Yes
1771,aroben,Internals,aroben,Internals,Yes
1770,fushnisoft,Externals,arfon,Internals,No
1765,vmg,Internals,vmg,Internals,Yes
1762,gjtorikian,Internals,gjtorikian,Internals,Yes
1758,larsbrinkhoff,Externals,arfon,Internals,No
1757,aroben,Internals,aroben,Internals,Yes
1756,aroben,Internals,aroben,Internals,Yes
1755,aroben,Internals,aroben,Internals,Yes
1754,arfon,Internals,arfon,Internals,Yes
1753,aroben,Internals,aroben,Internals,Yes
1752,aroben,Internals,vmg,Internals,No
1751,roodboi,Externals,bkeepers,Internals,No
1750,bkeepers,Internals,bkeepers,Internals,Yes
1748,mrego,Externals,arfon,Internals,No
1747,aroben,Internals,vmg,Internals,No
1745,bkeepers,Internals,arfon,Internals,No
1743,arfon,Internals,arfon,Internals,Yes
1741,bkeepers,Internals,bkeepers,Internals,Yes
1738,aroben,Internals,aroben,Internals,Yes
1737,aroben,Internals,aroben,Internals,Yes
1736,aroben,Internals,arfon,Internals,No
1734,arfon,Internals,bkeepers,Internals,No
1733,arfon,Internals,arfon,Internals,Yes
1732,bkeepers,Internals,bkeepers,Internals,Yes
1731,bkeepers,Internals,bkeepers,Internals,Yes
1730,aroben,Internals,aroben,Internals,Yes
1728,aroben,Internals,aroben,Internals,Yes
1727,pchaigno,Externals,aroben,Internals,No
1726,bkeepers,Internals,bkeepers,Internals,Yes
1724,pchaigno,Externals,bkeepers,Internals,No
1723,techhat,Externals,arfon,Internals,No
1722,vmg,Internals,vmg,Internals,Yes
1714,vmg,Internals,vmg,Internals,Yes
1710,aroben,Internals,vmg,Internals,No
1709,bkeepers,Internals,bkeepers,Internals,Yes
1708,aroben,Internals,aroben,Internals,Yes
1707,vmg,Internals,vmg,Internals,Yes
1706,pchaigno,Externals,arfon,Internals,No
1705,aroben,Internals,aroben,Internals,Yes
1704,aroben,Internals,aroben,Internals,Yes
1703,aroben,Internals,aroben,Internals,Yes
1702,ellemenno,Externals,arfon,Internals,No
1698,sebgod,Externals,arfon,Internals,No
1696,aroben,Internals,aroben,Internals,Yes
1695,aroben,Internals,aroben,Internals,Yes
1694,aroben,Internals,aroben,Internals,Yes
1687,aroben,Internals,aroben,Internals,Yes
1686,aroben,Internals,aroben,Internals,Yes
1683,bkeepers,Internals,aroben,Internals,No
1678,tenbits,Externals,aroben,Internals,No
1675,aroben,Internals,aroben,Internals,Yes
1674,arfon,Internals,arfon,Internals,Yes
1673,blakeembrey,Externals,arfon,Internals,No
1669,arfon,Internals,arfon,Internals,Yes
1663,bkeepers,Internals,bkeepers,Internals,Yes
1660,arfon,Internals,arfon,Internals,Yes
1657,techniq,Externals,bkeepers,Internals,No
1654,danijar,Externals,bkeepers,Internals,No
1653,baroquebobcat,Externals,bkeepers,Internals,No
1652,arfon,Internals,arfon,Internals,Yes
1650,jlord,Externals,jlord,Externals,Yes
1646,arfon,Internals,arfon,Internals,Yes
1645,pchaigno,Externals,arfon,Internals,No
1643,arfon,Internals,arfon,Internals,Yes
1641,aroben,Internals,aroben,Internals,Yes
1639,pchaigno,Externals,arfon,Internals,No
1636,Verteiron,Externals,arfon,Internals,No
1634,wil93,Externals,arfon,Internals,No
1633,pchaigno,Externals,arfon,Internals,No
1632,ngn,Externals,arfon,Internals,No
1630,aroben,Internals,aroben,Internals,Yes
1627,arfon,Internals,arfon,Internals,Yes
1623,pchaigno,Externals,arfon,Internals,No
1622,pchaigno,Externals,arfon,Internals,No
1620,unfunco,Externals,arfon,Internals,No
1614,creasty,Externals,arfon,Internals,No
1613,hearsilent,Externals,arfon,Internals,No
1612,briandela,Externals,arfon,Internals,No
1611,arfon,Internals,arfon,Internals,Yes
1610,arfon,Internals,arfon,Internals,Yes
1609,bkeepers,Internals,arfon,Internals,No
1608,bkeepers,Internals,bkeepers,Internals,Yes
1605,bkeepers,Internals,arfon,Internals,No
1604,geoff-codes,Externals,arfon,Internals,No
1602,arfon,Internals,arfon,Internals,Yes
1596,pchaigno,Externals,arfon,Internals,No
1595,aroben,Internals,arfon,Internals,No
1594,tricknotes,Externals,bkeepers,Internals,No
1593,aroben,Internals,arfon,Internals,No
1592,arfon,Internals,arfon,Internals,Yes
1590,arfon,Internals,arfon,Internals,Yes
1588,arfon,Internals,arfon,Internals,Yes
1587,arfon,Internals,arfon,Internals,Yes
1586,arfon,Internals,arfon,Internals,Yes
1584,laomaiweng,Externals,arfon,Internals,No
1575,Jaxan,Externals,tnm,Internals,No
1573,ztmr,Externals,arfon,Internals,No
1570,lucaswerkmeister,Externals,arfon,Internals,No
1563,bkeepers,Internals,arfon,Internals,No
1561,pchaigno,Externals,bkeepers,Internals,No
1557,larsbrinkhoff,Externals,arfon,Internals,No
1555,arfon,Internals,arfon,Internals,Yes
1554,arfon,Internals,arfon,Internals,Yes
1553,arfon,Internals,arfon,Internals,Yes
1552,arfon,Internals,arfon,Internals,Yes
1549,kr,Externals,arfon,Internals,No
1547,bwestlin,Externals,arfon,Internals,No
1546,vivekgalatage,Externals,arfon,Internals,No
1545,larsbrinkhoff,Externals,arfon,Internals,No
1542,arfon,Internals,arfon,Internals,Yes
1540,rlespinasse,Externals,bkeepers,Internals,No
1538,arfon,Internals,arfon,Internals,Yes
1537,bkeepers,Internals,arfon,Internals,No
1536,pchaigno,Externals,arfon,Internals,No
1534,arfon,Internals,arfon,Internals,Yes
1533,arfon,Internals,arfon,Internals,Yes
1530,fingolfin,Externals,arfon,Internals,No
1529,fingolfin,Externals,arfon,Internals,No
1525,fingolfin,Externals,arfon,Internals,No
1524,ankitr,Externals,arfon,Internals,No
1523,fingolfin,Externals,arfon,Internals,No
1522,arfon,Internals,arfon,Internals,Yes
1520,pmoura,Externals,arfon,Internals,No
1517,arfon,Internals,arfon,Internals,Yes
1516,bkeepers,Internals,arfon,Internals,No
1515,vmg,Internals,vmg,Internals,Yes
1511,edmundito,Externals,arfon,Internals,No
1509,arfon,Internals,arfon,Internals,Yes
1508,arfon,Internals,arfon,Internals,Yes
1507,arfon,Internals,arfon,Internals,Yes
1506,pchaigno,Externals,arfon,Internals,No
1503,arfon,Internals,arfon,Internals,Yes
1502,arfon,Internals,arfon,Internals,Yes
1499,pchaigno,Externals,bkeepers,Internals,No
1484,arfon,Internals,arfon,Internals,Yes
1477,DennisMcWherter,Externals,arfon,Internals,No
1475,StoneCypher,Externals,arfon,Internals,No
1474,StoneCypher,Externals,arfon,Internals,No
1470,jrha,Externals,arfon,Internals,No
1465,edmundito,Externals,arfon,Internals,No
1461,joeyspin,Externals,arfon,Internals,No
1460,arfon,Internals,arfon,Internals,Yes
1459,arfon,Internals,arfon,Internals,Yes
1458,arfon,Internals,arfon,Internals,Yes
1457,arfon,Internals,arfon,Internals,Yes
1451,arfon,Internals,arfon,Internals,Yes
1445,cflee,Externals,arfon,Internals,No
1444,ghost,Externals,arfon,Internals,No
1438,pchaigno,Externals,bkeepers,Internals,No
1437,pchaigno,Externals,bkeepers,Internals,No
1433,pchaigno,Externals,bkeepers,Internals,No
1432,pchaigno,Externals,bkeepers,Internals,No
1426,maieul,Externals,arfon,Internals,No
1421,stevex86,Externals,arfon,Internals,No
1419,arfon,Internals,arfon,Internals,Yes
1418,peol,Externals,arfon,Internals,No
1417,gwadej,Externals,arfon,Internals,No
1415,KoffeinFlummi,Externals,arfon,Internals,No
1413,c1phr,Externals,arfon,Internals,No
1412,pchaigno,Externals,arfon,Internals,No
1408,wilg,Externals,arfon,Internals,No
1405,seancoyne,Externals,holman,Externals,No
1403,arfon,Internals,arfon,Internals,Yes
1401,arfon,Internals,arfon,Internals,Yes
1399,arfon,Internals,arfon,Internals,Yes
1398,arfon,Internals,arfon,Internals,Yes
1394,grindhold,Externals,arfon,Internals,No
1385,arfon,Internals,arfon,Internals,Yes
1383,arfon,Internals,arfon,Internals,Yes
1376,t-b,Externals,bkeepers,Internals,No
1375,arthurvr,Externals,arfon,Internals,No
1372,pchaigno,Externals,arfon,Internals,No
1371,arfon,Internals,arfon,Internals,Yes
1370,arfon,Internals,arfon,Internals,Yes
1364,woodruffw,Externals,arfon,Internals,No
1361,arfon,Internals,arfon,Internals,Yes
1360,arfon,Internals,arfon,Internals,Yes
1358,arthurvr,Externals,arfon,Internals,No
1354,arfon,Internals,arfon,Internals,Yes
1353,arfon,Internals,arfon,Internals,Yes
1352,arfon,Internals,arfon,Internals,Yes
1348,thomasvandoren,Externals,arfon,Internals,No
1346,vmg,Internals,vmg,Internals,Yes
1341,arfon,Internals,arfon,Internals,Yes
1339,claytononeill,Externals,arfon,Internals,No
1337,arfon,Internals,arfon,Internals,Yes
1335,arfon,Internals,arfon,Internals,Yes
1333,spderosso,Externals,arfon,Internals,No
1331,GWRon,Externals,arfon,Internals,No
1325,pchaigno,Externals,arfon,Internals,No
1323,alokedesai,Externals,arfon,Internals,No
1320,R4PaSs,Externals,arfon,Internals,No
1318,vmg,Internals,arfon,Internals,No
1313,pchaigno,Externals,arfon,Internals,No
1311,maximusvladimir,Externals,arfon,Internals,No
1309,josh,Internals,vmg,Internals,No
1308,pchaigno,Externals,arfon,Internals,No
1306,arfon,Internals,arfon,Internals,Yes
1305,neersighted,Externals,arfon,Internals,No
1303,geekflyer,Externals,arfon,Internals,No
1299,pchaigno,Externals,arfon,Internals,No
1297,kevinsawicki,Internals,arfon,Internals,No
1295,arfon,Internals,arfon,Internals,Yes
1294,arfon,Internals,arfon,Internals,Yes
1293,arfon,Internals,arfon,Internals,Yes
1292,arfon,Internals,arfon,Internals,Yes
1291,arfon,Internals,arfon,Internals,Yes
1290,arfon,Internals,arfon,Internals,Yes
1289,arfon,Internals,arfon,Internals,Yes
1285,pchaigno,Externals,arfon,Internals,No
1283,kmaehashi,Externals,arfon,Internals,No
1282,kevinsawicki,Internals,arfon,Internals,No
1280,diekmann,Externals,arfon,Internals,No
1279,jdennes,Internals,arfon,Internals,No
1273,keplersj,Externals,arfon,Internals,No
1272,alindeman,Externals,alindeman,Externals,Yes
1270,brianmario,Internals,brianmario,Internals,Yes
1269,alindeman,Externals,alindeman,Externals,Yes
1268,metopa,Externals,arfon,Internals,No
1267,pchaigno,Externals,arfon,Internals,No
1261,woodruffw,Externals,arfon,Internals,No
1260,dalehenrich,Externals,arfon,Internals,No
1259,brianmario,Internals,arfon,Internals,No
1258,NiklasRosenstein,Externals,arfon,Internals,No
1257,simonwistow,Externals,arfon,Internals,No
1256,arfon,Internals,arfon,Internals,Yes
1255,arfon,Internals,arfon,Internals,Yes
1254,brianmario,Internals,brianmario,Internals,Yes
1253,brianmario,Internals,brianmario,Internals,Yes
1248,arfon,Internals,arfon,Internals,Yes
1246,alindeman,Externals,alindeman,Externals,Yes
1245,alindeman,Externals,alindeman,Externals,Yes
1244,akashivskyy,Externals,arfon,Internals,No
1241,arfon,Internals,arfon,Internals,Yes
1239,orthopteroid,Externals,arfon,Internals,No
1238,arfon,Internals,arfon,Internals,Yes
1237,alindeman,Externals,arfon,Internals,No
1232,cstrahan,Externals,arfon,Internals,No
1230,arfon,Internals,arfon,Internals,Yes
1228,christianbundy,Externals,arfon,Internals,No
1227,arfon,Internals,arfon,Internals,Yes
1226,christianbundy,Externals,arfon,Internals,No
1220,ferrall,Externals,arfon,Internals,No
1219,arfon,Internals,arfon,Internals,Yes
1217,JoshOldenburg,Externals,arfon,Internals,No
1215,felixphew,Externals,arfon,Internals,No
1212,christianbundy,Externals,arfon,Internals,No
1211,alindeman,Externals,alindeman,Externals,Yes
1209,jkeirstead,Externals,arfon,Internals,No
1208,jkeirstead,Externals,arfon,Internals,No
1206,jrha,Externals,arfon,Internals,No
1203,kostko,Externals,arfon,Internals,No
1200,andyli,Externals,arfon,Internals,No
1198,ilovb,Externals,arfon,Internals,No
1194,arfon,Internals,alindeman,Externals,No
1190,Madsn,Externals,arfon,Internals,No
1188,kaendfinger,Externals,arfon,Internals,No
1187,brianmario,Internals,brianmario,Internals,Yes
1183,alflanagan,Externals,bkeepers,Internals,No
1178,pchaigno,Externals,arfon,Internals,No
1172,rick,Internals,rick,Internals,Yes
1168,arfon,Internals,arfon,Internals,Yes
1167,arfon,Internals,arfon,Internals,Yes
1166,pchaigno,Externals,arfon,Internals,No
1165,arfon,Internals,arfon,Internals,Yes
1160,arfon,Internals,arfon,Internals,Yes
1159,arfon,Internals,arfon,Internals,Yes
1158,arfon,Internals,arfon,Internals,Yes
1156,quarterto,Externals,arfon,Internals,No
1155,NN---,Externals,arfon,Internals,No
1150,Oldes,Externals,arfon,Internals,No
1146,Rolinh,Externals,arfon,Internals,No
1144,hikari-no-yume,Externals,arfon,Internals,No
1143,pchaigno,Externals,arfon,Internals,No
1142,pchaigno,Externals,arfon,Internals,No
1141,killmous,Externals,arfon,Internals,No
1136,jdf,Externals,arfon,Internals,No
1135,arfon,Internals,arfon,Internals,Yes
1132,nkt,Externals,arfon,Internals,No
1130,arfon,Internals,arfon,Internals,Yes
1129,pchaigno,Externals,arfon,Internals,No
1125,arfon,Internals,arfon,Internals,Yes
1123,garyb,Externals,arfon,Internals,No
1122,arfon,Internals,arfon,Internals,Yes
1121,arfon,Internals,arfon,Internals,Yes
1120,arfon,Internals,arfon,Internals,Yes
1116,parkr,Internals,arfon,Internals,No
1114,rick,Internals,rick,Internals,Yes
1110,arfon,Internals,arfon,Internals,Yes
1109,arfon,Internals,arfon,Internals,Yes
1108,arfon,Internals,arfon,Internals,Yes
1106,arfon,Internals,arfon,Internals,Yes
1105,arfon,Internals,arfon,Internals,Yes
1104,sebgod,Externals,bkeepers,Internals,No
1103,sebgod,Externals,arfon,Internals,No
1102,CNG,Externals,arfon,Internals,No
1101,pchaigno,Externals,arfon,Internals,No
1100,relrod,Externals,arfon,Internals,No
1098,arfon,Internals,arfon,Internals,Yes
1097,arfon,Internals,arfon,Internals,Yes
1096,arfon,Internals,arfon,Internals,Yes
1095,wcandillon,Externals,arfon,Internals,No
1094,arfon,Internals,arfon,Internals,Yes
1093,arfon,Internals,arfon,Internals,Yes
1092,arfon,Internals,arfon,Internals,Yes
1090,rick,Internals,rick,Internals,Yes
1089,rick,Internals,rick,Internals,Yes
1088,arfon,Internals,arfon,Internals,Yes
1087,rick,Internals,rick,Internals,Yes
1086,arfon,Internals,arfon,Internals,Yes
1085,rick,Internals,rick,Internals,Yes
1084,arfon,Internals,arfon,Internals,Yes
1083,rick,Internals,rick,Internals,Yes
1082,arfon,Internals,arfon,Internals,Yes
1081,rick,Internals,rick,Internals,Yes
1080,arfon,Internals,arfon,Internals,Yes
1075,rick,Internals,rick,Internals,Yes
1073,rayvector,Externals,arfon,Internals,No
1072,snormore,Externals,arfon,Internals,No
1071,jkutner,Externals,arfon,Internals,No
1068,nkt,Externals,arfon,Internals,No
1063,lucaswerkmeister,Externals,bkeepers,Internals,No
1060,kohenkatz,Externals,arfon,Internals,No
1056,spderosso,Externals,arfon,Internals,No
1052,shrayasr,Externals,bkeepers,Internals,No
1049,sebgod,Externals,arfon,Internals,No
1046,fingolfin,Externals,arfon,Internals,No
1042,juliangehring,Externals,arfon,Internals,No
1041,Mikulas,Externals,bkeepers,Internals,No
1040,Mikulas,Externals,arfon,Internals,No
1035,akissinger,Externals,arfon,Internals,No
1026,pchaigno,Externals,arfon,Internals,No
1014,pchaigno,Externals,arfon,Internals,No
1011,CrimsonTautology,Externals,rick,Internals,No
1008,garyb,Externals,arfon,Internals,No
1005,draegtun,Externals,arfon,Internals,No
1002,matthew-white,Externals,arfon,Internals,No
997,mndrix,Externals,arfon,Internals,No
991,waywardmonkeys,Externals,tnm,Internals,No
989,DavidSkrundz,Externals,arfon,Internals,No
988,lamestation,Externals,arfon,Internals,No
985,nox,Externals,arfon,Internals,No
981,cjxgm,Externals,tnm,Internals,No
979,maxogden,Externals,arfon,Internals,No
978,developerinlondon,Externals,tnm,Internals,No
973,whitten,Externals,rick,Internals,No
972,albertlyu,Externals,arfon,Internals,No
971,veganstraightedge,Externals,tnm,Internals,No
969,pchaigno,Externals,arfon,Internals,No
967,jaaso,Externals,tnm,Internals,No
965,pchaigno,Externals,arfon,Internals,No
963,mbezjak,Externals,tnm,Internals,No
961,couchand,Externals,arfon,Internals,No
957,arfon,Internals,tnm,Internals,No
952,izuzak,Internals,tnm,Internals,No
951,izuzak,Internals,bkeepers,Internals,No
950,waveform80,Externals,arfon,Internals,No
944,midraed,Externals,tnm,Internals,No
938,tenbits,Externals,tnm,Internals,No
935,pchaigno,Externals,tnm,Internals,No
933,pchaigno,Externals,arfon,Internals,No
931,cgranade,Externals,rick,Internals,No
924,greystate,Externals,arfon,Internals,No
923,atomicptr,Externals,tnm,Internals,No
922,bfontaine,Externals,arfon,Internals,No
920,bfontaine,Externals,arfon,Internals,No
916,pchaigno,Externals,tnm,Internals,No
913,larsbrinkhoff,Externals,tnm,Internals,No
911,bbarker,Externals,tnm,Internals,No
910,abuiles,Externals,tnm,Internals,No
909,izuzak,Internals,tnm,Internals,No
907,izuzak,Internals,tnm,Internals,No
906,jiyinyiyong,Externals,tnm,Internals,No
900,hoelzro,Externals,arfon,Internals,No
899,hikari-no-yume,Externals,rick,Internals,No
897,erkyrath,Externals,arfon,Internals,No
896,sigurdsvela,Externals,tnm,Internals,No
892,edechter,Externals,tnm,Internals,No
891,lawrencewoodman,Externals,arfon,Internals,No
890,mihneadb,Externals,tnm,Internals,No
889,larsbrinkhoff,Externals,bkeepers,Internals,No
888,rognierbenoit,Externals,tnm,Internals,No
886,ruben2020,Externals,tnm,Internals,No
885,GiampaoloFalqui,Externals,tnm,Internals,No
884,jkrmr,Externals,arfon,Internals,No
882,arfon,Internals,arfon,Internals,Yes
880,emma-burrows,Externals,tnm,Internals,No
879,s0meone,Externals,rick,Internals,No
878,kevmoo,Externals,tnm,Internals,No
877,emma-burrows,Externals,tnm,Internals,No
873,piki,Internals,tnm,Internals,No
872,tnm,Internals,tnm,Internals,Yes
870,joshterrell805,Externals,tnm,Internals,No
868,ktdreyer,Externals,tnm,Internals,No
864,natebrennand,Externals,tnm,Internals,No
862,wadetandy,Externals,tnm,Internals,No
861,arfon,Internals,tnm,Internals,No
860,arfon,Internals,arfon,Internals,Yes
859,arfon,Internals,tnm,Internals,No
858,arfon,Internals,tnm,Internals,No
857,arfon,Internals,tnm,Internals,No
856,ChimeraCoder,Externals,tnm,Internals,No
854,cndreisbach,Externals,tnm,Internals,No
851,gjtorikian,Internals,tnm,Internals,No
850,arfon,Internals,tnm,Internals,No
849,arfon,Internals,tnm,Internals,No
848,rlidwka,Externals,tnm,Internals,No
847,zhemao,Externals,tnm,Internals,No
844,arfon,Internals,tnm,Internals,No
839,tnm,Internals,tnm,Internals,Yes
838,arfon,Internals,tnm,Internals,No
836,tnm,Internals,tnm,Internals,Yes
835,hkdobrev,Externals,tnm,Internals,No
834,berkerpeksag,Externals,arfon,Internals,No
832,dasmithii,Externals,tnm,Internals,No
831,ethanwhite,Externals,tnm,Internals,No
826,mmhelloworld,Externals,rick,Internals,No
824,bkeepers,Internals,tnm,Internals,No
823,bkeepers,Internals,tnm,Internals,No
822,akre54,Externals,tnm,Internals,No
820,waddlesplash,Externals,arfon,Internals,No
819,gjtorikian,Internals,tnm,Internals,No
818,Flyingmana,Externals,tnm,Internals,No
817,remixz,Externals,arfon,Internals,No
816,sgallagher,Externals,tnm,Internals,No
814,ppannuto,Externals,arfon,Internals,No
813,computmaxer,Externals,tnm,Internals,No
812,Giacom,Externals,tnm,Internals,No
810,tnm,Internals,tnm,Internals,Yes
809,charliesome,Internals,charliesome,Internals,Yes
807,charliesome,Internals,charliesome,Internals,Yes
806,charliesome,Internals,charliesome,Internals,Yes
804,aaronpuchert,Externals,tnm,Internals,No
794,natcl,Externals,tnm,Internals,No
791,mikepurvis,Externals,tnm,Internals,No
790,hkdobrev,Externals,tnm,Internals,No
783,jimhester,Externals,tnm,Internals,No
782,liluo,Externals,tnm,Internals,No
780,standage,Externals,arfon,Internals,No
779,jvanegmond,Externals,tnm,Internals,No
775,wjk,Externals,tnm,Internals,No
773,afischer,Externals,tnm,Internals,No
771,GreatEmerald,Externals,tnm,Internals,No
770,hkdobrev,Externals,tnm,Internals,No
765,GordonSmith,Externals,tnm,Internals,No
764,bricker,Externals,tnm,Internals,No
763,lukaselmer,Externals,tnm,Internals,No
760,vszakats,Externals,tnm,Internals,No
759,vszakats,Externals,tnm,Internals,No
758,kashif,Externals,tnm,Internals,No
757,myguidingstar-zz,Externals,tnm,Internals,No
755,frunns,Externals,tnm,Internals,No
754,myguidingstar-zz,Externals,tnm,Internals,No
751,relrod,Externals,tnm,Internals,No
750,hoelzro,Externals,tnm,Internals,No
749,hoelzro,Externals,tnm,Internals,No
748,PaulBone,Externals,arfon,Internals,No
746,tnm,Internals,tnm,Internals,Yes
745,lukaselmer,Externals,tnm,Internals,No
741,danluu,Externals,tnm,Internals,No
740,danluu,Externals,tnm,Internals,No
739,danluu,Externals,tnm,Internals,No
737,jeabakker,Externals,tnm,Internals,No
733,Sheeo,Externals,tnm,Internals,No
732,sstephenson,Externals,tnm,Internals,No
731,zhuzhuor,Externals,tnm,Internals,No
730,WestleyArgentum,Externals,tnm,Internals,No
728,charliesome,Internals,charliesome,Internals,Yes
721,olivergondza,Externals,tnm,Internals,No
718,SparkysWidgets,Externals,rick,Internals,No
715,Jaykul,Externals,tnm,Internals,No
713,aclements,Externals,gjtorikian,Internals,No
707,larsbrinkhoff,Externals,tnm,Internals,No
705,glts,Externals,tnm,Internals,No
701,thorn0,Externals,tnm,Internals,No
697,robstoll,Externals,tnm,Internals,No
696,aaronpuchert,Externals,tnm,Internals,No
695,gjtorikian,Internals,tnm,Internals,No
691,le717,Externals,tnm,Internals,No
687,eschulte,Externals,tnm,Internals,No
682,Jaxan,Externals,tnm,Internals,No
678,kethomassen,Externals,tnm,Internals,No
677,charliesome,Internals,tnm,Internals,No
676,faithanne,Externals,tnm,Internals,No
675,webhat,Externals,arfon,Internals,No
672,matkoniecz,Externals,tnm,Internals,No
669,r0man,Externals,tnm,Internals,No
668,johnjcamilleri,Externals,rick,Internals,No
664,Mouq,Externals,tnm,Internals,No
663,acgetchell,Externals,tnm,Internals,No
657,mndrix,Externals,tnm,Internals,No
656,liluo,Externals,tnm,Internals,No
643,zulus,Externals,tnm,Internals,No
642,Dav1dde,Externals,tnm,Internals,No
628,pmoura,Externals,tnm,Internals,No
626,dzidzitop,Externals,tnm,Internals,No
621,abahgat,Externals,tnm,Internals,No
620,Bartvds,Externals,tnm,Internals,No
614,robin850,Externals,tnm,Internals,No
612,adityam,Externals,tnm,Internals,No
606,kethomassen,Externals,tnm,Internals,No
603,ibnfirnas,Externals,tnm,Internals,No
599,larsbrinkhoff,Externals,tnm,Internals,No
598,tnm,Internals,tnm,Internals,Yes
596,HQ063,Externals,tnm,Internals,No
595,j-jorge,Externals,tnm,Internals,No
594,calavera,Externals,calavera,Externals,Yes
592,vszakats,Externals,tnm,Internals,No
590,jsocol,Externals,tnm,Internals,No
589,windley,Externals,tnm,Internals,No
588,Lazersmoke,Externals,tnm,Internals,No
584,jayphelps,Externals,tnm,Internals,No
583,charliesome,Internals,tnm,Internals,No
582,tnm,Internals,tnm,Internals,Yes
579,tnm,Internals,tnm,Internals,Yes
578,timm,Externals,tnm,Internals,No
575,paulcbetts,Externals,tnm,Internals,No
574,alaingilbert,Externals,tnm,Internals,No
572,Aaron1011,Externals,tnm,Internals,No
568,cono,Externals,tnm,Internals,No
567,tnm,Internals,tnm,Internals,Yes
562,hkdobrev,Externals,tnm,Internals,No
561,aleksijuvani,Externals,tnm,Internals,No
559,sethvargo,Externals,tnm,Internals,No
555,timjb,Externals,tnm,Internals,No
550,rschiang,Externals,tnm,Internals,No
549,oubiwann,Externals,tnm,Internals,No
548,talentdeficit,Externals,tnm,Internals,No
543,jasonbot,Externals,tnm,Internals,No
541,hkdobrev,Externals,tnm,Internals,No
536,zzet,Externals,tnm,Internals,No
531,chriskuehl,Externals,tnm,Internals,No
530,josh,Internals,tnm,Internals,No
529,piki,Internals,piki,Internals,Yes
528,piki,Internals,tnm,Internals,No
520,MatthewFluet,Externals,arfon,Internals,No
519,mmullis,Externals,tnm,Internals,No
515,Turbo87,Externals,tnm,Internals,No
512,ghost,Externals,tnm,Internals,No
510,Gozala,Externals,tnm,Internals,No
508,AdamFerguson,Externals,tnm,Internals,No
504,wjlroe,Externals,tnm,Internals,No
503,Drup,Externals,tnm,Internals,No
500,Leushenko,Externals,tnm,Internals,No
499,ppannuto,Externals,tnm,Internals,No
495,andygrunwald,Externals,tnm,Internals,No
494,josegonzalez,Externals,tnm,Internals,No
493,josegonzalez,Externals,tnm,Internals,No
484,waltherg,Externals,tnm,Internals,No
483,KevinT,Externals,tnm,Internals,No
479,relrod,Externals,tnm,Internals,No
477,liluo,Externals,tnm,Internals,No
475,pointwise,Externals,tnm,Internals,No
471,mihaip,Externals,tnm,Internals,No
461,sshirokov,Externals,tnm,Internals,No
460,dwarfland,Externals,tnm,Internals,No
455,tnm,Internals,tnm,Internals,Yes
451,gjtorikian,Internals,tnm,Internals,No
450,Giacom,Externals,tnm,Internals,No
448,tnm,Internals,tnm,Internals,Yes
446,matthewmccullough,Internals,tnm,Internals,No
443,stuartpb,Externals,tnm,Internals,No
441,rdeltour,Externals,tnm,Internals,No
438,richo,Externals,tnm,Internals,No
436,tnm,Internals,tnm,Internals,Yes
425,mgalloy,Externals,tnm,Internals,No
423,gentoo90,Externals,tnm,Internals,No
422,brson,Externals,tnm,Internals,No
421,rvanmil,Externals,tnm,Internals,No
419,pborreli,Externals,tnm,Internals,No
416,upsuper,Externals,tnm,Internals,No
413,brianmario,Internals,brianmario,Internals,Yes
410,skalnik,Internals,tnm,Internals,No
408,soimort,Externals,tnm,Internals,No
405,tnm,Internals,tnm,Internals,Yes
404,tnm,Internals,tnm,Internals,Yes
402,PulsarBlow,Externals,tnm,Internals,No
401,JDutil,Externals,tnm,Internals,No
400,kevinjalbert,Externals,tnm,Internals,No
399,BPScott,Externals,tnm,Internals,No
397,kivikakk,Internals,tnm,Internals,No
396,elehcim,Externals,tnm,Internals,No
395,refractalize,Externals,tnm,Internals,No
392,qqshfox,Externals,tnm,Internals,No
391,bfontaine,Externals,tnm,Internals,No
390,erik,Externals,tnm,Internals,No
388,tinnet,Externals,tnm,Internals,No
386,rdeltour,Externals,tnm,Internals,No
385,rdeltour,Externals,tnm,Internals,No
384,ruv,Externals,tnm,Internals,No
383,REAS,Externals,tnm,Internals,No
380,tnm,Internals,tnm,Internals,Yes
377,rlsosborne,Externals,tnm,Internals,No
376,evanmiller,Externals,tnm,Internals,No
373,vincentwoo,Externals,tnm,Internals,No
372,tnm,Internals,tnm,Internals,Yes
368,cjdrake,Externals,tnm,Internals,No
367,moorepants,Externals,tnm,Internals,No
364,zacstewart,Externals,tnm,Internals,No
363,dveeden,Externals,tnm,Internals,No
361,mdespuits,Externals,tnm,Internals,No
360,skalnik,Internals,tnm,Internals,No
359,ntkme,Externals,tnm,Internals,No
358,ghost,Externals,tnm,Internals,No
357,uo-hrsys,Externals,tnm,Internals,No
354,mrorii,Externals,tnm,Internals,No
349,tucnak,Externals,tnm,Internals,No
346,tnm,Internals,tnm,Internals,Yes
344,BPScott,Externals,tnm,Internals,No
342,svenefftinge,Externals,tnm,Internals,No
335,rofl0r,Externals,tnm,Internals,No
331,tnm,Internals,tnm,Internals,Yes
325,greghendershott,Externals,tnm,Internals,No
324,paulmillr,Externals,tnm,Internals,No
321,mndrix,Externals,tnm,Internals,No
318,stuarthalloway,Externals,tnm,Internals,No
312,HerbertKoelman,Externals,tnm,Internals,No
308,HerbertKoelman,Externals,HerbertKoelman,Externals,Yes
307,mislav,Internals,josh,Internals,No
305,DominikTo,Externals,josh,Internals,No
301,andyli,Externals,tnm,Internals,No
298,johanatan,Externals,josh,Internals,No
295,yandy,Externals,tnm,Internals,No
294,DHowett,Externals,tnm,Internals,No
293,bhuga,Externals,josh,Internals,No
288,wagenet,Externals,josh,Internals,No
278,DrItanium,Externals,tnm,Internals,No
261,justinclift,Externals,tnm,Internals,No
259,afronski,Externals,tnm,Internals,No
255,seanupton,Externals,tnm,Internals,No
253,reactormonk,Externals,tnm,Internals,No
251,ptrv,Externals,tnm,Internals,No
250,rtomayko,Externals,rtomayko,Externals,Yes
247,scottjg,Externals,scottjg,Externals,Yes
246,leafo,Externals,tnm,Internals,No
245,jcazevedo,Externals,josh,Internals,No
239,db0company,Externals,tnm,Internals,No
232,strangewarp,Externals,tnm,Internals,No
231,bfontaine,Externals,tnm,Internals,No
228,josh,Internals,josh,Internals,Yes
222,tiwe-de,Externals,tnm,Internals,No
221,fkg,Externals,tnm,Internals,No
218,brcooley,Externals,josh,Internals,No
215,oxan,Externals,paulcbetts,Externals,No
211,kassi,Externals,josh,Internals,No
208,ghost,Externals,josh,Internals,No
204,jeanlouisboudart,Externals,josh,Internals,No
202,seldridge,Externals,josh,Internals,No
200,remiprev,Externals,josh,Internals,No
196,borgified,Externals,josh,Internals,No
194,rengolin,Externals,Caged,Internals,No
187,chochos,Externals,matthewmccullough,Internals,No
180,michaelficarra,Externals,josh,Internals,No
172,josh,Internals,josh,Internals,Yes
171,ianmjones,Externals,tnm,Internals,No
170,johan,Externals,tnm,Internals,No
169,tuzz,Externals,josh,Internals,No
164,michaelmior,Externals,tnm,Internals,No
163,pwaller,Externals,josh,Internals,No
162,horchler,Externals,josh,Internals,No
161,BaiGang,Externals,josh,Internals,No
160,bakkdoor,Externals,josh,Internals,No
157,thestinger,Externals,josh,Internals,No
156,igrigorik,Externals,briandoll,Externals,No
155,rodjek,Externals,vmg,Internals,No
152,pao,Externals,vmg,Internals,No
151,aseemk,Externals,josh,Internals,No
150,lparenteau,Externals,tnm,Internals,No
149,paulcbetts,Externals,josh,Internals,No
147,baoshan,Externals,josh,Internals,No
146,trq,Externals,josh,Internals,No
144,shortstuffsushi,Externals,josh,Internals,No
143,abevoelker,Externals,josh,Internals,No
142,jaxzin,Externals,josh,Internals,No
141,semperos,Externals,josh,Internals,No
140,jstrachan,Externals,josh,Internals,No
138,jesusaurus,Externals,josh,Internals,No
135,ecere,Externals,josh,Internals,No
132,pmoura,Externals,josh,Internals,No
131,carlosgaldino,Externals,josh,Internals,No
129,jaxzin,Externals,josh,Internals,No
128,mavam,Externals,josh,Internals,No
126,jeffreykegler,Externals,josh,Internals,No
125,abevoelker,Externals,josh,Internals,No
124,zhensydow,Externals,josh,Internals,No
122,rankida,Externals,josh,Internals,No
118,MeirKriheli,Externals,josh,Internals,No
117,thomshouse,Externals,josh,Internals,No
115,abevoelker,Externals,josh,Internals,No
114,leafo,Externals,josh,Internals,No
113,eeue56,Externals,josh,Internals,No
112,sylvestre,Externals,josh,Internals,No
111,robnewman,Externals,josh,Internals,No
109,alokmenghrajani,Externals,josh,Internals,No
108,utkarshkukreti,Externals,josh,Internals,No
107,thorade,Externals,josh,Internals,No
105,brynary,Externals,josh,Internals,No
104,earwig,Externals,josh,Internals,No
103,timurb,Externals,josh,Internals,No
101,dom96,Externals,josh,Internals,No
100,ghost,Externals,josh,Internals,No
99,petercrlane,Externals,josh,Internals,No
98,sbisbee,Externals,josh,Internals,No
97,frewsxcv,Externals,josh,Internals,No
96,ming13,Externals,josh,Internals,No
94,tclem,Internals,josh,Internals,No
93,stof,Externals,josh,Internals,No
92,sunaku,Externals,paulcbetts,Externals,No
91,gsmcwhirter,Externals,josh,Internals,No
90,trishume,Externals,josh,Internals,No
89,FredrikL,Externals,josh,Internals,No
88,alloy,Externals,josh,Internals,No
87,ghost,Externals,josh,Internals,No
86,ghost,Externals,josh,Internals,No
85,ghost,Externals,josh,Internals,No
84,kepstin,Externals,josh,Internals,No
83,zmanji,Externals,josh,Internals,No
81,maieul,Externals,josh,Internals,No
80,tmcw,Externals,josh,Internals,No
77,robsimmons,Externals,josh,Internals,No
76,mgdm,Externals,josh,Internals,No
75,stof,Externals,josh,Internals,No
71,Uberi,Externals,josh,Internals,No
69,kevinsawicki,Internals,josh,Internals,No
68,josh,Internals,josh,Internals,Yes
67,beckje01,Externals,josh,Internals,No
66,beckje01,Externals,josh,Internals,No
65,pjhyett,Externals,josh,Internals,No
63,ognevsky,Externals,josh,Internals,No
62,ognevsky,Externals,josh,Internals,No
60,kprevas,Externals,josh,Internals,No
59,paulcbetts,Externals,paulcbetts,Externals,Yes
58,leto,Externals,josh,Internals,No
57,flaviusb,Externals,josh,Internals,No
56,jowido,Externals,josh,Internals,No
55,avdg,Externals,josh,Internals,No
54,Sharpie,Externals,josh,Internals,No
53,Sharpie,Externals,josh,Internals,No
50,ghost,Externals,josh,Internals,No
48,lkuper,Externals,josh,Internals,No
47,jonsterling,Externals,josh,Internals,No
46,Visgean,Externals,josh,Internals,No
42,Ziaw,Externals,josh,Internals,No
40,earl,Externals,josh,Internals,No
38,CyberShadow,Externals,josh,Internals,No
36,softprops,Externals,josh,Internals,No
35,josh,Internals,josh,Internals,Yes
34,bkerley,Externals,josh,Internals,No
33,tautologico,Externals,josh,Internals,No
31,henrikhodne,Externals,josh,Internals,No
29,supahgreg,Externals,josh,Internals,No
20,earl,Externals,josh,Internals,No
16,rkh,Externals,josh,Internals,No
14,justinyost,Externals,josh,Internals,No
13,meh,Externals,josh,Internals,No
11,horndude77,Externals,josh,Internals,No
10,carlosgaldino,Externals,josh,Internals,No
6,elibarzilay,Externals,josh,Internals,No
